timestamp,machine_id,temperature_c,vibration_mm_s,power_kw,load_pct
2026-01-01 00:00:00,M-01,61.2,2.10,7.20,71
2026-01-01 01:00:00,M-01,62.1,2.16,7.34,74
2026-01-01 02:00:00,M-01,60.8,2.03,7.05,68
2026-01-01 03:00:00,M-02,63.0,2.18,7.80,72
2026-01-01 04:00:00,M-02,63.7,2.25,8.10,75
2026-01-01 05:00:00,M-02,64.2,2.29,8.25,78
2026-01-01 06:00:00,M-03,61.0,2.00,7.40,69
2026-01-01 07:00:00,M-03,73.5,3.75,7.55,70
2026-01-01 08:00:00,M-03,75.1,4.02,7.70,72
2026-01-01 09:00:00,M-04,64.0,2.20,8.10,70
2026-01-01 10:00:00,M-04,69.5,2.35,11.90,73
2026-01-01 11:00:00,M-04,70.1,2.42,12.30,75
2026-01-01 12:00:00,M-05,60.5,2.00,8.20,70
2026-01-01 13:00:00,M-05,61.0,2.04,8.30,72
2026-01-01 14:00:00,M-05,61.2,2.08,8.45,74
2026-01-01 15:00:00,M-06,62.0,2.10,9.00,70
2026-01-01 16:00:00,M-06,62.4,2.14,9.10,72
2026-01-01 17:00:00,M-06,62.8,2.18,9.25,75
